speaker,split,gender,age,age_group
0001,train,m,6,child/teen
0003,test,m,6,child/teen
0005,train,m,6,child/teen
0006,train,f,6,child/teen
0024,test,f,25,adult
0026,train,f,6,child/teen
0036,train,f,21,adult
0044,test,m,6,child/teen
0048,train,m,6,child/teen
0049,test,f,7,child/teen
0053,train,f,6,child/teen
0054,train,m,6,child/teen
0056,train,m,6,child/teen
0070,train,f,6,child/teen
0075,train,m,6,child/teen
0092,test,f,6,child/teen
0093,test,f,6,child/teen
0094,test,m,6,child/teen
0096,test,m,6,child/teen
0103,train,m,6,child/teen
0104,train,f,6,child/teen
0111,test,m,6,child/teen
0112,test,f,6,child/teen
0113,test,m,6,child/teen
0114,test,m,6,child/teen
0120,test,f,19,adult
0122,test,m,6,child/teen
0131,train,m,7,child/teen
0133,test,f,7,child/teen
0135,train,f,20,adult
0145,train,f,7,child/teen
0149,test,f,7,child/teen
0157,test,f,21,adult
0306,test,f,21,adult
0457,test,f,21,adult
0461,test,m,23,adult
0482,val,m,28,adult
0560,train,m,23,adult
0563,test,f,22,adult
0567,test,f,21,adult
0575,train,f,19,adult
0594,train,f,21,adult
0736,test,f,21,adult
0739,train,m,20,adult
0765,test,m,20,adult
0811,test,f,20,adult
0813,train,f,20,adult
0960,train,m,28,adult
0981,test,m,25,adult
1012,train,m,29,adult
1027,train,m,37,adult
1029,train,m,31,adult
1030,test,m,27,adult
1033,train,m,30,adult
1037,test,m,35,adult
1039,test,m,38,adult
1042,train,f,7,child/teen
1044,train,f,7,child/teen
1046,test,m,7,child/teen
1050,test,m,8,child/teen
1061,test,f,7,child/teen
1064,val,m,26,adult
1075,test,m,7,child/teen
1076,test,m,7,child/teen
1092,train,m,8,child/teen
1099,test,m,43,adult
1109,test,m,30,adult
1135,test,m,25,adult
1156,test,m,33,adult
1181,test,m,23,adult
1186,test,m,23,adult
1197,train,m,7,child/teen
1203,val,m,7,child/teen
1228,test,m,26,adult
1260,train,m,25,adult
1292,test,m,37,adult
1293,test,m,32,adult
1309,train,m,31,adult
1334,test,m,29,adult
1336,train,m,24,adult
1362,train,f,21,adult
1372,train,f,21,adult
1404,test,m,7,child/teen
1407,val,m,24,adult
1408,test,m,22,adult
1418,train,m,7,child/teen
1419,val,m,7,child/teen
1420,test,m,25,adult
1422,test,m,7,child/teen
1435,train,m,7,child/teen
1439,train,m,6,child/teen
1447,train,m,7,child/teen
1465,test,m,8,child/teen
1469,test,m,6,child/teen
1501,test,m,7,child/teen
1502,test,m,7,child/teen
1503,test,m,7,child/teen
2002,test,f,28,adult
2007,test,m,8,child/teen
2014,test,f,9,child/teen
2016,test,m,19,adult
2022,val,f,20,adult
2027,test,m,8,child/teen
2030,test,m,8,child/teen
2031,test,f,21,adult
2034,train,m,8,child/teen
2036,train,f,21,adult
2059,train,f,21,adult
2061,train,f,20,adult
2089,train,f,20,adult
2112,test,f,20,adult
2116,test,f,20,adult
2129,train,f,20,adult
2168,train,f,20,adult
2170,val,f,22,adult
2179,train,f,9,child/teen
2208,train,f,20,adult
2236,train,m,22,adult
2242,train,m,20,adult
2244,train,f,20,adult
2251,train,f,21,adult
2252,test,m,20,adult
2282,train,f,21,adult
2327,test,f,22,adult
2355,test,m,20,adult
2380,train,f,21,adult
2402,val,f,21,adult
2427,train,f,22,adult
2430,train,f,22,adult
2438,test,f,21,adult
2441,test,f,19,adult
2448,test,f,19,adult
2450,train,f,19,adult
2451,test,f,23,adult
2488,test,f,21,adult
2538,test,f,21,adult
2621,train,m,19,adult
2740,test,m,20,adult
2799,train,f,20,adult
2892,test,m,24,adult
2897,test,m,20,adult
2917,test,m,19,adult
2937,test,m,19,adult
2981,train,f,21,adult
3002,val,m,9,child/teen
3007,test,m,10,child/teen
3012,test,m,9,child/teen
3014,test,m,9,child/teen
3020,train,m,9,child/teen
3021,train,f,9,child/teen
3023,train,m,19,adult
3027,test,f,8,child/teen
3046,train,m,9,child/teen
3049,train,m,9,child/teen
3060,test,m,9,child/teen
3068,train,m,9,child/teen
3075,test,f,9,child/teen
3083,train,f,10,child/teen
3088,train,m,9,child/teen
3208,train,f,9,child/teen
3214,test,m,9,child/teen
3412,test,m,9,child/teen
3423,train,f,9,child/teen
3631,test,f,9,child/teen
3636,train,m,9,child/teen
3837,val,f,12,child/teen
4005,train,f,20,adult
5015,test,m,10,child/teen
5017,test,f,10,child/teen
5029,test,m,11,child/teen
5039,test,f,12,child/teen
5072,test,m,10,child/teen
5195,train,f,10,child/teen
5218,train,f,12,child/teen
5220,test,m,11,child/teen
5401,train,m,11,child/teen
5406,test,f,11,child/teen
5408,val,m,11,child/teen
5414,train,f,11,child/teen
5418,train,f,11,child/teen
5424,val,f,11,child/teen
5428,test,f,11,child/teen
5432,test,f,11,child/teen
5547,test,m,11,child/teen
5551,train,m,11,child/teen
6010,train,f,12,child/teen
6048,train,m,12,child/teen
6067,test,f,12,child/teen
6099,test,m,12,child/teen
6121,train,f,11,child/teen
6401,train,f,12,child/teen
6504,train,m,12,child/teen
6902,test,m,12,child/teen
6912,val,m,12,child/teen
7001,train,m,26,adult
7551,val,f,13,child/teen
8002,train,m,23,adult
8057,train,f,13,child/teen
8063,test,f,13,child/teen
8068,test,f,14,child/teen
8153,test,f,14,child/teen
8581,test,f,15,child/teen
8584,test,f,15,child/teen
8585,train,m,15,child/teen
9034,train,f,15,child/teen
9070,val,f,15,child/teen
9088,test,f,15,child/teen
9101,test,f,15,child/teen
9107,test,m,15,child/teen
9118,test,f,15,child/teen
9553,test,f,15,child/teen
9555,test,f,15,child/teen
9556,train,m,15,child/teen
9558,test,m,15,child/teen
9600,val,f,28,adult
9601,test,m,25,adult
9604,train,f,21,adult
9606,train,f,21,adult
9607,train,f,21,adult
9608,test,f,30,adult
9609,train,m,27,adult
9610,test,f,22,adult
9611,train,f,30,adult
9612,test,f,20,adult
9613,train,f,33,adult
9614,val,f,28,adult
9615,val,f,21,adult
9616,train,f,28,adult
9617,test,f,35,adult
9618,test,f,24,adult
9619,train,m,24,adult
9622,test,f,20,adult
9623,test,m,21,adult
9624,train,m,29,adult
9625,train,f,25,adult
9626,test,m,37,adult
9628,train,m,26,adult
9629,test,f,25,adult
9630,train,f,33,adult
9631,test,m,26,adult
9633,test,f,21,adult
9634,train,m,32,adult
9635,test,f,24,adult
9639,train,m,22,adult
9640,test,f,29,adult
9643,train,f,25,adult
9645,train,f,20,adult
9646,train,f,21,adult
9647,test,f,20,adult
9649,val,m,20,adult
