task,model,config,val_selection_score
sent_accuracy,dummy,default,1.6606002152507564
sent_accuracy,dummy_median,default,1.709108724329423
sent_accuracy,rf,min_samples_leaf3,1.2313991175477632
sent_accuracy,ridge,alpha100,1.2698147331365275
sent_accuracy,svr,C1,1.2233443041280716
sent_fluency,dummy,default,1.6162226682615268
sent_fluency,dummy_median,default,1.6487634920241225
sent_fluency,rf,min_samples_leaf3,0.9600977678278428
sent_fluency,ridge,alpha1,0.9456307632544365
sent_fluency,svr,C10,0.9673181450067582
sent_prosodic,dummy,default,1.568042993575598
sent_prosodic,dummy_median,default,1.6733200530681511
sent_prosodic,rf,min_samples_leaf3,0.9796633889278942
sent_prosodic,ridge,alpha1,0.9924681730019204
sent_prosodic,svr,C1,0.9749535773637469
sent_total,dummy,default,1.646820454760941
sent_total,dummy_median,default,1.8424811646541366
sent_total,rf,min_samples_leaf3,1.155553630355025
sent_total,ridge,alpha1000,1.209080280765335
sent_total,svr,C1,1.1785255402613142
word_accuracy,dummy,default,1.8358477919957712
word_accuracy,dummy_median,default,1.9260032401483869
word_accuracy,rf,min_samples_leaf10,1.739090018591625
word_accuracy,ridge,alpha1000,1.7968895971872079
word_accuracy,svr,C1,1.788065468878778
phone_score,dummy,default,0.37856397141957077
phone_score,dummy_median,default,0.3987182388650616
phone_score,rf,min_samples_leaf3,0.3583711231681572
phone_score,ridge,alpha1000,0.3682020145014938
phone_score,svr,C1,0.3628164146281927
phone_mispron_t1.0,dummy,default,0.5
phone_mispron_t1.0,logreg,C1,0.5270802237504708
phone_mispron_t1.0,rf,min_samples_leaf5,0.5
phone_mispron_t1.0,svm,C10,0.533208252542302
phone_mispron_t0.5,dummy,default,0.5
phone_mispron_t0.5,logreg,C1,0.5186718313387678
phone_mispron_t0.5,rf,min_samples_leaf2,0.5
phone_mispron_t1.5,dummy,default,0.5
phone_mispron_t1.5,logreg,C1,0.5256226019338006
phone_mispron_t1.5,rf,min_samples_leaf2,0.500768404358725
l2_phone_error,dummy,default,0.25
l2_phone_error,logreg,C1,0.3037718464240314
l2_phone_error,rf,min_samples_leaf2,0.2625976235470955
l2_phone_error,svm,C10,0.3063141307893046
l2_word_error,dummy,default,0.5
l2_word_error,logreg,C1,0.5948011624529194
l2_word_error,rf,min_samples_leaf2,0.5934895229426421
l2_word_error,svm,C1,0.601969642774715
