task,level,dataset,kind,model,config,split,mae,rmse,pcc,spearman,n,mae_lo,mae_hi,rmse_lo,rmse_hi,pcc_lo,pcc_hi,macro_f1,balanced_acc,accuracy,f1,precision,recall,macro_f1_lo,macro_f1_hi,balanced_acc_lo,balanced_acc_hi,accuracy_lo,accuracy_hi,f1_lo,f1_hi,precision_lo,precision_hi,recall_lo,recall_hi
sent_accuracy,sentence,so762,reg,dummy,default,val,1.2654419066534262,1.6606002152507564,,,380,,,,,,,,,,,,,,,,,,,,,,,,
sent_accuracy,sentence,so762,reg,dummy,default,test,1.1594188679245283,1.5399557075921615,,,2500,1.03503679245283,1.2766858490566038,1.3718699601687032,1.6929335520473947,,,,,,,,,,,,,,,,,,,,
sent_accuracy,sentence,so762,reg,dummy_median,default,val,1.1105263157894736,1.709108724329423,,,380,,,,,,,,,,,,,,,,,,,,,,,,
sent_accuracy,sentence,so762,reg,dummy_median,default,test,1.0124,1.5680561214446376,,,2500,0.85957,1.1596199999999997,1.3572695064513418,1.7565375092650766,,,,,,,,,,,,,,,,,,,,
sent_accuracy,sentence,so762,reg,rf,min_samples_leaf3,val,0.8805078888217047,1.2313991175477632,0.6835086534693395,0.5377707830966991,380,,,,,,,,,,,,,,,,,,,,,,,,
sent_accuracy,sentence,so762,reg,rf,min_samples_leaf3,test,0.9241169117179118,1.297518776844308,0.545103260889006,0.45407612299556604,2500,0.838920189032819,1.0141608586874238,1.175170523560298,1.4115620744658395,0.4512618372404074,0.6245008919223427,,,,,,,,,,,,,,,,,,
sent_accuracy,sentence,so762,reg,ridge,alpha100,val,0.9475597394140143,1.2698147331365275,0.6666610308091975,0.5905469620230026,380,,,,,,,,,,,,,,,,,,,,,,,,
sent_accuracy,sentence,so762,reg,ridge,alpha100,test,0.9591131987571716,1.3239247020313678,0.5128852029288996,0.45036995822064596,2500,0.8847846780443192,1.045654439408779,1.2011577135506402,1.44522032365489,0.4152799764553714,0.588684433346097,,,,,,,,,,,,,,,,,,
sent_accuracy,sentence,so762,reg,svr,C1,val,0.8710575890752328,1.2233443041280716,0.6768388464629281,0.5341753314849327,380,,,,,,,,,,,,,,,,,,,,,,,,
sent_accuracy,sentence,so762,reg,svr,C1,test,0.9330947976436311,1.3184585265335815,0.5319983640912993,0.46187917834098186,2500,0.8384138996671094,1.026952018050963,1.1649866391084678,1.4503363328626442,0.4343822086083469,0.6068216345844983,,,,,,,,,,,,,,,,,,
sent_fluency,sentence,so762,reg,dummy,default,val,1.237924528301887,1.6162226682615268,,,380,,,,,,,,,,,,,,,,,,,,,,,,
sent_fluency,sentence,so762,reg,dummy,default,test,1.0919441509433965,1.4285192726073916,,,2500,0.9739857358490567,1.2097181132075472,1.2505930418438966,1.6172188875696296,,,,,,,,,,,,,,,,,,,,
sent_fluency,sentence,so762,reg,dummy_median,default,val,1.144736842105263,1.6487634920241225,,,380,,,,,,,,,,,,,,,,,,,,,,,,
sent_fluency,sentence,so762,reg,dummy_median,default,test,0.998,1.434015341619468,,,2500,0.85645,1.13564,1.2191387652417573,1.6388244108788779,,,,,,,,,,,,,,,,,,,,
sent_fluency,sentence,so762,reg,rf,min_samples_leaf3,val,0.7473279702509966,0.9600977678278428,0.8320236104662075,0.6369255475474724,380,,,,,,,,,,,,,,,,,,,,,,,,
sent_fluency,sentence,so762,reg,rf,min_samples_leaf3,test,0.7922481558330557,1.0732716244530949,0.6799974805194866,0.5963790019562598,2500,0.7172241829551003,0.8721882565754615,0.9363875390927209,1.240424944857279,0.6116148159243442,0.7308435945488089,,,,,,,,,,,,,,,,,,
sent_fluency,sentence,so762,reg,ridge,alpha1,val,0.7339434855862668,0.9456307632544365,0.8215791500222864,0.6814872470644283,380,,,,,,,,,,,,,,,,,,,,,,,,
sent_fluency,sentence,so762,reg,ridge,alpha1,test,0.7734161958694458,1.0672285247896056,0.663043290532227,0.6114677427917722,2500,0.7075103103113174,0.8501658782958983,0.9270358698241089,1.2588338309160707,0.5781203265298509,0.7218322082049192,,,,,,,,,,,,,,,,,,
sent_fluency,sentence,so762,reg,svr,C10,val,0.7444626947864571,0.9673181450067582,0.8055043609916777,0.6281423595535185,380,,,,,,,,,,,,,,,,,,,,,,,,
sent_fluency,sentence,so762,reg,svr,C10,test,0.7831611233010628,1.0700558465868129,0.6606163963136987,0.6028370062938184,2500,0.7193282244138673,0.8583620196882276,0.9377935393168891,1.240330965089782,0.5876985766067727,0.7119335906566449,,,,,,,,,,,,,,,,,,
sent_prosodic,sentence,so762,reg,dummy,default,val,1.2432075471698112,1.568042993575598,,,380,,,,,,,,,,,,,,,,,,,,,,,,
sent_prosodic,sentence,so762,reg,dummy,default,test,1.1373547169811322,1.4352992004961265,,,2500,1.0273494150943394,1.2568454339622641,1.2674438446944527,1.6204156332686221,-2.950016917930929e-16,2.981394023348268e-16,,,,,,,,,,,,,,,,,,
sent_prosodic,sentence,so762,reg,dummy_median,default,val,1.1157894736842104,1.6733200530681511,,,380,,,,,,,,,,,,,,,,,,,,,,,,
sent_prosodic,sentence,so762,reg,dummy_median,default,test,1.0336,1.5173661390712527,,,2500,0.87564,1.2056799999999999,1.2760981434626157,1.7507048421050846,,,,,,,,,,,,,,,,,,,,
sent_prosodic,sentence,so762,reg,rf,min_samples_leaf3,val,0.7490966697532487,0.9796633889278942,0.8143395742372701,0.5895756921573734,380,,,,,,,,,,,,,,,,,,,,,,,,
sent_prosodic,sentence,so762,reg,rf,min_samples_leaf3,test,0.8226676346653347,1.1128341198511236,0.6572399128052202,0.5604934040152403,2500,0.743927890372498,0.9061226918172567,0.9882500971821983,1.2742692569574035,0.5861396544043656,0.7127648607489143,,,,,,,,,,,,,,,,,,
sent_prosodic,sentence,so762,reg,ridge,alpha1,val,0.7677671984622353,0.9924681730019204,0.795610433540466,0.648669669162997,380,,,,,,,,,,,,,,,,,,,,,,,,
sent_prosodic,sentence,so762,reg,ridge,alpha1,test,0.8186554944038391,1.1122809510451417,0.6314602939424175,0.5756584748810621,2500,0.7535351208043098,0.8959147948861121,0.9784181286367359,1.2957394060781322,0.5428485664651908,0.6993124197617062,,,,,,,,,,,,,,,,,,
sent_prosodic,sentence,so762,reg,svr,C1,val,0.7670208507584376,0.9749535773637469,0.7907089974931313,0.5937997290182767,380,,,,,,,,,,,,,,,,,,,,,,,,
sent_prosodic,sentence,so762,reg,svr,C1,test,0.8094744867130776,1.1052805478055752,0.6408401793107559,0.5713010929818023,2500,0.741337575414724,0.892040208598425,0.9756836502314771,1.2718342129807838,0.5671925367595219,0.6982753960497797,,,,,,,,,,,,,,,,,,
sent_total,sentence,so762,reg,dummy,default,val,1.3013778550148958,1.646820454760941,,,380,,,,,,,,,,,,,,,,,,,,,,,,
sent_total,sentence,so762,reg,dummy,default,test,1.1900373584905661,1.5513963513613935,,,2500,1.0702675188679245,1.313355547169811,1.3723351643025288,1.7268230180038242,,,,,,,,,,,,,,,,,,,,
sent_total,sentence,so762,reg,dummy_median,default,val,1.236842105263158,1.8424811646541366,,,380,,,,,,,,,,,,,,,,,,,,,,,,
sent_total,sentence,so762,reg,dummy_median,default,test,1.1096,1.7155757051205873,,,2500,0.92998,1.28669,1.4228006639657609,1.9612928019258948,,,,,,,,,,,,,,,,,,,,
sent_total,sentence,so762,reg,rf,min_samples_leaf3,val,0.8933624134207727,1.155553630355025,0.7296408551444324,0.583013803488101,380,,,,,,,,,,,,,,,,,,,,,,,,
sent_total,sentence,so762,reg,rf,min_samples_leaf3,test,0.958028828274993,1.2812302489654475,0.5726198729573626,0.4880773895898684,2500,0.8800765120947192,1.0426093595108539,1.146361036068112,1.42226068975413,0.48793431803290577,0.6412744924619388,,,,,,,,,,,,,,,,,,
sent_total,sentence,so762,reg,ridge,alpha1000,val,0.9386657532892729,1.209080280765335,0.6953046884240918,0.5853908634090987,380,,,,,,,,,,,,,,,,,,,,,,,,
sent_total,sentence,so762,reg,ridge,alpha1000,test,0.9635679217338562,1.300984694218754,0.5435769286478878,0.48938309959626514,2500,0.8908460568070412,1.0455110840511321,1.164198176173452,1.4520907245502317,0.46073100788907695,0.6130546316415231,,,,,,,,,,,,,,,,,,
sent_total,sentence,so762,reg,svr,C1,val,0.8845024337723311,1.1785255402613142,0.7039944759106849,0.5499343665039506,380,,,,,,,,,,,,,,,,,,,,,,,,
sent_total,sentence,so762,reg,svr,C1,test,0.9334240010074877,1.2966264511124077,0.5595957494611185,0.4936828599604797,2500,0.8431905312916546,1.0272208566501078,1.1410235680636422,1.450487745750628,0.4779115485860775,0.6242245280322893,,,,,,,,,,,,,,,,,,
word_accuracy,word,so762,reg,dummy,default,val,1.1439276593914043,1.8358477919957712,,,2561,,,,,,,,,,,,,,,,,,,,,,,,
word_accuracy,word,so762,reg,dummy,default,test,1.1174477786382644,1.7954991621088747,,,15967,0.9934194833184492,1.2490183411671922,1.5274318232695787,2.0521512944626776,-4.8772548096394135e-16,4.161367614427956e-16,,,,,,,,,,,,,,,,,,
word_accuracy,word,so762,reg,dummy_median,default,val,0.5919562670831706,1.9260032401483869,,,2561,,,,,,,,,,,,,,,,,,,,,,,,
word_accuracy,word,so762,reg,dummy_median,default,test,0.5634746664996555,1.8770200074782706,,,15967,0.40582450064154907,0.7286478653969346,1.5530390788188486,2.1749035691773724,,,,,,,,,,,,,,,,,,,,
word_accuracy,word,so762,reg,rf,min_samples_leaf10,val,1.0900136535527343,1.739090018591625,0.3313652812226221,0.31029359383298655,2561,,,,,,,,,,,,,,,,,,,,,,,,
word_accuracy,word,so762,reg,rf,min_samples_leaf10,test,1.0131653120379882,1.7043838478009847,0.32049551504353624,0.28261823752807336,15967,0.8838311828424634,1.149282445043469,1.4550318467061845,1.9331993932612335,0.2660846484146748,0.36781409245307073,,,,,,,,,,,,,,,,,,
word_accuracy,word,so762,reg,ridge,alpha1000,val,1.1341151215517162,1.7968895971872079,0.27349838193156767,0.29141690493759503,2561,,,,,,,,,,,,,,,,,,,,,,,,
word_accuracy,word,so762,reg,ridge,alpha1000,test,1.0504029662456644,1.7469246718629745,0.2401945275395794,0.24259608067016214,15967,0.9241063324853208,1.1835870394945915,1.4973726377609418,1.9761476416635293,0.18963780135064795,0.2836100613329293,,,,,,,,,,,,,,,,,,
word_accuracy,word,so762,reg,svr,C1,val,0.7954819538174651,1.788065468878778,0.2841961412514175,0.25531288985003225,2561,,,,,,,,,,,,,,,,,,,,,,,,
word_accuracy,word,so762,reg,svr,C1,test,0.7483460040060166,1.7799773415659745,0.22535172401480708,0.1912302931953601,15967,0.6052714598553124,0.8969945213924393,1.4820916002768905,2.048458403587008,0.17277008234378807,0.2700060775101805,,,,,,,,,,,,,,,,,,
phone_score,phoneme,so762,reg,dummy,default,val,0.22622410844038252,0.37856397141957077,,,7658,,,,,,,,,,,,,,,,,,,,,,,,
phone_score,phoneme,so762,reg,dummy,default,test,0.22176579628579884,0.3686637521839957,,,47369,0.1955671913434558,0.24685397363430267,0.2994359594999156,0.4249852726426282,-1.0954227196853128e-15,8.703057263926724e-16,,,,,,,,,,,,,,,,,,
phone_score,phoneme,so762,reg,dummy_median,default,val,0.1279185165839645,0.3987182388650616,,,7658,,,,,,,,,,,,,,,,,,,,,,,,
phone_score,phoneme,so762,reg,dummy_median,default,test,0.1252591357216745,0.38827524839652705,,,47369,0.09356987221266584,0.15660061446380907,0.30777195645461913,0.4531813353371982,,,,,,,,,,,,,,,,,,,,
phone_score,phoneme,so762,reg,rf,min_samples_leaf3,val,0.21496884933633856,0.3583711231681572,0.3404136185313782,0.29756473328366,7658,,,,,,,,,,,,,,,,,,,,,,,,
phone_score,phoneme,so762,reg,rf,min_samples_leaf3,test,0.20516240194209584,0.35180592200613836,0.30662052121858613,0.2819986311893696,47369,0.1793538721550842,0.22981430793144347,0.29161525390818793,0.4009858845906154,0.26418119495510045,0.34537059390543684,,,,,,,,,,,,,,,,,,
phone_score,phoneme,so762,reg,ridge,alpha1000,val,0.22393519293081982,0.3682020145014938,0.2753409737677537,0.2808388858691447,7658,,,,,,,,,,,,,,,,,,,,,,,,
phone_score,phoneme,so762,reg,ridge,alpha1000,test,0.21044692782448327,0.3579675703767954,0.2551742061673007,0.2628958158960136,47369,0.18521462348865933,0.23504327800371996,0.2963688030874761,0.4089925684537954,0.22309498249972864,0.28610731010393137,,,,,,,,,,,,,,,,,,
phone_score,phoneme,so762,reg,svr,C1,val,0.16566502020275034,0.3628164146281927,0.33345321641607745,0.33589644777378785,7658,,,,,,,,,,,,,,,,,,,,,,,,
phone_score,phoneme,so762,reg,svr,C1,test,0.15978546186872436,0.35607478592261615,0.3051922055183477,0.3255437445192373,47369,0.13117704444671138,0.18756216821796584,0.28243274695740667,0.4148742925295155,0.2742884728787812,0.33543631270301716,,,,,,,,,,,,,,,,,,
phone_mispron_t1.0,phoneme,so762,clf,dummy,default,val,,,,,7658,,,,,,,0.4885460495558672,0.5,0.9552102376599635,0.0,0.0,0.0,,,,,,,,,,,,
phone_mispron_t1.0,phoneme,so762,clf,dummy,default,test,,,,,47369,,,,,,,0.48933807675722296,0.5,0.9582427325888239,0.0,0.0,0.0,0.48511150609779397,0.493589246207768,0.5,0.5,0.9421680888640203,0.9746818435913562,0.0,0.0,0.0,0.0,0.0,0.0
phone_mispron_t1.0,phoneme,so762,clf,logreg,C1,val,,,,,7658,,,,,,,0.5369872834825224,0.5270802237504708,0.9485505353878297,0.1004566210045662,0.23157894736842105,0.0641399416909621,,,,,,,,,,,,
phone_mispron_t1.0,phoneme,so762,clf,logreg,C1,test,,,,,47369,,,,,,,0.5040076269162617,0.5068883002178198,0.9566171969009267,0.030202925908447382,0.22695035460992907,0.016177957532861477,0.4991159040970536,0.5094149833226119,0.5036579648896012,0.5097565026302363,0.9405479432544055,0.9726975975653392,0.01730346531238996,0.0410119525238517,0.125,0.3493834104070322,0.009371359998838105,0.02213051051799416
phone_mispron_t1.0,phoneme,so762,clf,rf,min_samples_leaf5,val,,,,,7658,,,,,,,0.4885460495558672,0.5,0.9552102376599635,0.0,0.0,0.0,,,,,,,,,,,,
phone_mispron_t1.0,phoneme,so762,clf,rf,min_samples_leaf5,test,,,,,47369,,,,,,,0.48933807675722296,0.5,0.9582427325888239,0.0,0.0,0.0,0.48511150609779397,0.493589246207768,0.5,0.5,0.9421680888640203,0.9746818435913562,0.0,0.0,0.0,0.0,0.0,0.0
phone_mispron_t1.0,phoneme,so762,clf,svm,C10,val,,,,,7658,,,,,,,0.5495093643553447,0.533208252542302,0.9549490728649778,0.12213740458015267,0.48,0.06997084548104957,,,,,,,,,,,,
phone_mispron_t1.0,phoneme,so762,clf,svm,C10,test,,,,,47369,,,,,,,0.522221300408702,0.5168568970846926,0.9576516287023159,0.06610800744878957,0.4176470588235294,0.0358948432760364,0.512390081709664,0.5326164528100958,0.5115405730381498,0.5227304083112444,0.9418557221026794,0.9738311797030677,0.0463880158979512,0.0868770761481933,0.2971814445096888,0.5392530487804876,0.024866253018390745,0.04783845915716945
phone_mispron_t0.5,phoneme,so762,clf,dummy,default,val,,,,,7658,,,,,,,0.4918718067812355,0.5,0.9680073126142597,0.0,0.0,0.0,,,,,,,,,,,,
phone_mispron_t0.5,phoneme,so762,clf,dummy,default,test,,,,,47369,,,,,,,0.49243511990227806,0.5,0.9701914754375224,0.0,0.0,0.0,0.4889239705996571,0.49596568545678243,0.5,0.5,0.9566560430404957,0.9839920676756309,0.0,0.0,0.0,0.0,0.0,0.0
phone_mispron_t0.5,phoneme,so762,clf,logreg,C1,val,,,,,7658,,,,,,,0.5255923206802973,0.5186718313387678,0.9621311047270827,0.07051282051282051,0.16417910447761194,0.044897959183673466,,,,,,,,,,,,
phone_mispron_t0.5,phoneme,so762,clf,logreg,C1,test,,,,,47369,,,,,,,0.503355110232888,0.5051494511959418,0.9688614916928793,0.02253147779986746,0.17525773195876287,0.012039660056657223,0.49671694197615546,0.5105420004100341,0.5013222050662838,0.5085646176171357,0.9554340812814002,0.9825916591475863,0.008229527117985599,0.035014106965735696,0.06094749367841737,0.30247363523573184,0.004479693741454989,0.018737901514754192
phone_mispron_t0.5,phoneme,so762,clf,rf,min_samples_leaf2,val,,,,,7658,,,,,,,0.4918718067812355,0.5,0.9680073126142597,0.0,0.0,0.0,,,,,,,,,,,,
phone_mispron_t0.5,phoneme,so762,clf,rf,min_samples_leaf2,test,,,,,47369,,,,,,,0.49243511990227806,0.5,0.9701914754375224,0.0,0.0,0.0,0.4889239705996571,0.49596568545678243,0.5,0.5,0.9566560430404957,0.9839920676756309,0.0,0.0,0.0,0.0,0.0,0.0
phone_mispron_t1.5,phoneme,so762,clf,dummy,default,val,,,,,7658,,,,,,,0.4813761343627252,0.5,0.9281796813789501,0.0,0.0,0.0,,,,,,,,,,,,
phone_mispron_t1.5,phoneme,so762,clf,dummy,default,test,,,,,47369,,,,,,,0.48211357225635754,0.5,0.930925288690916,0.0,0.0,0.0,0.4770738349025453,0.48713969523738193,0.5,0.5,0.9123161145080695,0.9498487680703284,0.0,0.0,0.0,0.0,0.0,0.0
phone_mispron_t1.5,phoneme,so762,clf,logreg,C1,val,,,,,7658,,,,,,,0.5313818547295391,0.5256226019338006,0.919691825541917,0.10480349344978165,0.26277372262773724,0.06545454545454546,,,,,,,,,,,,
phone_mispron_t1.5,phoneme,so762,clf,logreg,C1,test,,,,,47369,,,,,,,0.5132394564936745,0.5151760070167606,0.9296797483586312,0.0630098452883263,0.3957597173144876,0.034229828850855744,0.5055041375614749,0.5200837092922225,0.5111203658571852,0.518739128358028,0.912161487775927,0.9481011306040996,0.04710883188345216,0.07701457507678315,0.30373376623376624,0.5074315599173552,0.025378554261579516,0.04227034225435851
phone_mispron_t1.5,phoneme,so762,clf,rf,min_samples_leaf2,val,,,,,7658,,,,,,,0.4831467996024958,0.500768404358725,0.9280490989814573,0.003616636528028933,0.3333333333333333,0.0018181818181818182,,,,,,,,,,,,
phone_mispron_t1.5,phoneme,so762,clf,rf,min_samples_leaf2,test,,,,,47369,,,,,,,0.483021649435065,0.5004130806485569,0.9309041778378264,0.0018298261665141812,0.42857142857142855,0.0009168704156479218,0.4779117062433762,0.48757729099930797,0.4999659866389181,0.5008946356733855,0.9122922893303115,0.9498275837341941,0.0,0.0037786468082342496,0.0,1.0,0.0,0.001895357293565214
l2_phone_error,phoneme,l2arctic,clf,dummy,default,val,,,,,120243,,,,,,,0.2290310804232995,0.25,0.845230075763246,,,,,,,,,,,,,,,
l2_phone_error,phoneme,l2arctic,clf,dummy,default,test,,,,,120243,,,,,,,0.2290310804232995,0.25,0.845230075763246,,,,0.2259232474879987,0.23235199926963782,0.25,0.25,0.8243065434622009,0.8681252978052715,,,,,,
l2_phone_error,phoneme,l2arctic,clf,logreg,C1,val,,,,,120243,,,,,,,0.32065579238598996,0.3028195975316075,0.8486315211696315,,,,,,,,,,,,,,,
l2_phone_error,phoneme,l2arctic,clf,logreg,C1,test,,,,,120243,,,,,,,0.3206959680349755,0.30308916681219433,0.8484319253511639,,,,0.3087741241711222,0.3329433851530852,0.2952777929694845,0.3115079711529753,0.8300460185838462,0.8701458662396985,,,,,,
l2_phone_error,phoneme,l2arctic,clf,rf,min_samples_leaf2,val,,,,,120243,,,,,,,0.25383381531222476,0.26225385633505227,0.8480410502066649,,,,,,,,,,,,,,,
l2_phone_error,phoneme,l2arctic,clf,rf,min_samples_leaf2,test,,,,,120243,,,,,,,0.2536028462027727,0.26213820386627146,0.8480244172217926,,,,0.2479713112301086,0.261115927218327,0.25985897063878427,0.2652362251926867,0.8276380154400069,0.870471106152759,,,,,,
l2_phone_error,phoneme,l2arctic,clf,svm,C10,val,,,,,120243,,,,,,,0.32307320627142,0.3057372151304994,0.8456542168774898,,,,,,,,,,,,,,,
l2_phone_error,phoneme,l2arctic,clf,svm,C10,test,,,,,120243,,,,,,,0.32601438547789635,0.3069569409761546,0.846219738363148,,,,0.3151082217022299,0.3354023060237109,0.2998412137535984,0.3134575816773579,0.8290120565239778,0.8669867306270232,,,,,,
l2_word_error,word,l2arctic,clf,dummy,default,val,,,,,33985,,,,,,,0.36837899119057355,0.5,0.5832278946594086,0.0,0.0,0.0,,,,,,,,,,,,
l2_word_error,word,l2arctic,clf,dummy,default,test,,,,,33985,,,,,,,0.36837899119057355,0.5,0.5832278946594086,0.0,0.0,0.0,0.35025210356582087,0.38755048150254234,0.5,0.5,0.539058678144445,0.6327883337299872,0.0,0.0,0.0,0.0,0.0,0.0
l2_word_error,word,l2arctic,clf,logreg,C1,val,,,,,33985,,,,,,,0.5892725788921149,0.5914965522904152,0.622333382374577,0.47274370455572445,0.565281461833186,0.4062411748093759,,,,,,,,,,,,
l2_word_error,word,l2arctic,clf,logreg,C1,test,,,,,33985,,,,,,,0.5886126134839593,0.5906383400140662,0.6209209945564219,0.4733248845100364,0.5622025832766825,0.4087122281841288,0.5746067572911051,0.6012336367855606,0.5801210656701116,0.6024818242940938,0.6028325468776508,0.6393680175883623,0.4496966019310338,0.497060265782614,0.5060828573043782,0.6189579986013735,0.37359142460998646,0.44184236276041977
l2_word_error,word,l2arctic,clf,rf,min_samples_leaf2,val,,,,,33985,,,,,,,0.5859517124651787,0.5891079368196246,0.6216860379579227,0.46431398691721176,0.5664328555453898,0.3933916972606608,,,,,,,,,,,,
l2_word_error,word,l2arctic,clf,rf,min_samples_leaf2,test,,,,,33985,,,,,,,0.5821778749028583,0.5857896651449565,0.6189201118140356,0.4582758187978416,0.5622498203838653,0.3867551539113245,0.5665911413941281,0.5984154341272406,0.5756377263443672,0.5977377684795011,0.5993563588198108,0.642154532280773,0.4311113813356745,0.4829664224847656,0.509906805256798,0.6145527854784061,0.34411480596851285,0.4303732062973288
l2_word_error,word,l2arctic,clf,svm,C1,val,,,,,33985,,,,,,,0.597581814047541,0.5978505577474169,0.6236574959540974,0.49514486460882606,0.5615040286481647,0.44281276475571874,,,,,,,,,,,,
l2_word_error,word,l2arctic,clf,svm,C1,test,,,,,33985,,,,,,,0.5963566956961535,0.5966094191987505,0.6221862586435192,0.4942492516149362,0.5589807555238774,0.4429539678057046,0.5818273524470448,0.6097066165484096,0.5856044344410805,0.6092547422868009,0.6051934515311673,0.6374787964979785,0.46969629981619315,0.5171319197172851,0.5023797349803351,0.6146114432210583,0.40357919480039545,0.4869092339133704
