task,level,dataset,model,fix,val_primary_before,val_primary_after,n_test,before_macro_f1,after_macro_f1,delta_macro_f1,before_balanced_acc,after_balanced_acc,delta_balanced_acc,delta_macro_f1_lo,delta_macro_f1_hi,delta_macro_f1_p,before_f1,after_f1,delta_f1,before_precision,after_precision,delta_precision,before_recall,after_recall,delta_recall,before_mae,after_mae,delta_mae,before_rmse,after_rmse,delta_rmse,before_pcc,after_pcc,delta_pcc,delta_rmse_lo,delta_rmse_hi,delta_rmse_p
l2_phone_error,phoneme,l2arctic,logreg,cw+thr,0.3206557923859899,0.3938347292364006,120243,0.3206959680349755,0.39361786788890896,0.07292189985393344,0.30308916681219433,0.4114595292961458,0.10837036248395149,0.05294415624215086,0.08941267042237183,0.0,,,,,,,,,,,,,,,,,,,,,
l2_phone_error,phoneme,l2arctic,rf,cw+thr,0.2538338153122247,0.3953978429168323,120243,0.25360284620277274,0.4030468224224911,0.1494439762197184,0.26213820386627146,0.40576184041350016,0.1436236365472287,0.1318676188722615,0.16278781852366336,0.0,,,,,,,,,,,,,,,,,,,,,
l2_phone_error,phoneme,l2arctic,svm,us31,0.32307320627142,0.32307320627142,120243,0.3260143854778964,0.3260143854778964,0.0,0.3069569409761546,0.3069569409761546,0.0,0.0,0.0,1.0,,,,,,,,,,,,,,,,,,,,,
l2_word_error,word,l2arctic,logreg,cw,0.5892725788921149,0.6131211394236002,33985,0.5886126134839593,0.6154977251504232,0.0268851116664639,0.5906383400140662,0.6182338192710098,0.02759547925694361,0.01364457188500734,0.039434394667897645,0.0,0.4733248845100364,0.5695859925819494,0.09626110807191302,0.5622025832766825,0.5406965679121994,-0.021506015364483044,0.4087122281841288,0.6017367975148263,0.19302456933069756,,,,,,,,,,,,
l2_word_error,word,l2arctic,rf,cw+thr,0.5859517124651787,0.6021960697974231,33985,0.5821778749028583,0.6049011604629113,0.022723285560052986,0.5857896651449565,0.6058164728513931,0.02002680770643661,0.005857428225064987,0.03910854789751642,0.012,0.45827581879784157,0.5472959007922837,0.08902008199444217,0.5622498203838653,0.5343737387326786,-0.027876081651186713,0.3867551539113245,0.5608585145439141,0.17410336063258963,,,,,,,,,,,,
l2_word_error,word,l2arctic,svm,cw,0.597581814047541,0.6123616352639736,33985,0.5963566956961536,0.6086303119006476,0.012273616204494076,0.5966094191987505,0.6133561109005521,0.01674669170180154,-0.004422285737390394,0.02835132521519072,0.156,0.49424925161493627,0.5715028770196027,0.0772536254046664,0.5589807555238774,0.5296137856239079,-0.029366969899969453,0.4429539678057046,0.6205874046879413,0.17763343688223665,,,,,,,,,,,,
phone_mispron_t0.5,phoneme,so762,logreg,cw+thr,0.5255923206802973,0.5562053178654781,47369,0.503355110232888,0.5715450192309182,0.06818990899803012,0.5051494511959418,0.5858405729804946,0.08069112178455284,0.04263555714424889,0.08629293881053718,0.0,0.02253147779986746,0.17370753323485968,0.1511760554349922,0.17525773195876287,0.14901165737455652,-0.026246074584206358,0.012039660056657223,0.20821529745042494,0.19617563739376773,,,,,,,,,,,,
phone_mispron_t0.5,phoneme,so762,rf,cw+thr,0.4918718067812355,0.5389080023529305,47369,0.492435119902278,0.5681421402999816,0.07570702039770355,0.5,0.6454655065848288,0.14546550658482882,0.046038379188604234,0.10075226069771574,0.0,0.0,0.18722033291569715,0.18722033291569715,0.0,0.1252694610778443,0.1252694610778443,0.0,0.37039660056657225,0.37039660056657225,,,,,,,,,,,,
phone_mispron_t1.0,phoneme,so762,logreg,cw+thr,0.5369872834825224,0.5900829896969012,47369,0.5040076269162617,0.5736296984119725,0.06962207149571087,0.5068883002178198,0.5653087333584769,0.058420433140657035,0.04959195973780157,0.08442788965922046,0.0,0.030202925908447385,0.17852001151742009,0.1483170856089727,0.22695035460992907,0.20735785953177258,-0.019592495078156497,0.016177957532861477,0.15672396359959556,0.1405460060667341,,,,,,,,,,,,
phone_mispron_t1.0,phoneme,so762,rf,cw+thr,0.4885460495558672,0.5624144037391791,47369,0.4893380767572229,0.5803167722422122,0.09097869548498932,0.5,0.6638940976593468,0.16389409765934682,0.058115349281762596,0.11956695608684502,0.0,0.0,0.227109156337465,0.227109156337465,0.0,0.1542081447963801,0.1542081447963801,0.0,0.43073811931243683,0.43073811931243683,,,,,,,,,,,,
phone_mispron_t1.0,phoneme,so762,svm,us31,0.5495093643553447,0.5495093643553447,47369,0.522221300408702,0.522221300408702,0.0,0.5168568970846926,0.5168568970846926,0.0,0.0,0.0,1.0,0.06610800744878957,0.06610800744878957,0.0,0.4176470588235294,0.4176470588235294,0.0,0.0358948432760364,0.0358948432760364,0.0,,,,,,,,,,,,
phone_mispron_t1.5,phoneme,so762,logreg,cw+thr,0.5313818547295391,0.60396210282436,47369,0.5132394564936746,0.5937846312876632,0.0805451747939886,0.5151760070167606,0.595440685800857,0.08026467878409638,0.0639670522995894,0.09528545996605624,0.0,0.0630098452883263,0.244751049790042,0.18174120450171571,0.3957597173144876,0.24028268551236748,-0.15547703180212014,0.034229828850855744,0.24938875305623473,0.215158924205379,,,,,,,,,,,,
phone_mispron_t1.5,phoneme,so762,rf,cw+thr,0.4831467996024958,0.5751303488951869,47369,0.4830216494350649,0.5893219758079786,0.1063003263729137,0.5004130806485569,0.5915680690152233,0.09115498836666636,0.08459681529571277,0.1238261739798085,0.0,0.001829826166514181,0.2369047619047619,0.23507493573824773,0.42857142857142855,0.2308584686774942,-0.19771295989393434,0.0009168704156479218,0.24327628361858192,0.242359413202934,,,,,,,,,,,,
phone_score,phoneme,so762,rf,us31,0.3583711231681572,0.3583711231681572,47369,,,,,,,,,,,,,,,,,,,0.20516240194209584,0.20516240194209584,0.0,0.35180592200613836,0.35180592200613836,0.0,0.30662052121858613,0.30662052121858613,0.0,0.0,0.0,1.0
phone_score,phoneme,so762,ridge,us31,0.3682020145014938,0.3682020145014938,47369,,,,,,,,,,,,,,,,,,,0.21044692782448327,0.21044692782448327,0.0,0.3579675703767954,0.3579675703767954,0.0,0.2551742061673007,0.2551742061673007,0.0,0.0,0.0,1.0
phone_score,phoneme,so762,svr,us31,0.3628164146281927,0.3628164146281927,47369,,,,,,,,,,,,,,,,,,,0.15978546186872436,0.15978546186872436,0.0,0.35607478592261615,0.35607478592261615,0.0,0.3051922055183476,0.3051922055183476,0.0,0.0,0.0,1.0
sent_accuracy,sentence,so762,rf,pros,1.2313991175477632,1.0781424366668777,2500,,,,,,,,,,,,,,,,,,,0.9241169117179118,0.878095226395391,-0.04602168532252082,1.297518776844308,1.2124820481244156,-0.08503672871989232,0.5451032608890058,0.6167527411945287,0.07164948030552287,-0.11857716193944598,-0.048453856270490966,0.0
sent_accuracy,sentence,so762,ridge,pros,1.2698147331365277,1.2296622219064082,2500,,,,,,,,,,,,,,,,,,,0.9591131987571716,0.919464246559143,-0.03964895219802855,1.3239247020313678,1.2654762546074485,-0.0584484474239193,0.5128852029288995,0.5821350483071039,0.06924984537820444,-0.10227407189483916,-0.014313433684909465,0.012
sent_accuracy,sentence,so762,svr,pros,1.2233443041280716,1.1136956293970843,2500,,,,,,,,,,,,,,,,,,,0.9330947976436311,0.8925303723516416,-0.04056442529198956,1.3184585265335815,1.2467877278227375,-0.07167079871084403,0.5319983640912992,0.5981584031589056,0.06616003906760637,-0.10367334675054968,-0.03665009740266171,0.0
sent_fluency,sentence,so762,rf,pros,0.9600977678278428,0.8130483235864947,2500,,,,,,,,,,,,,,,,,,,0.7922481558330557,0.6928957108151108,-0.09935244501794493,1.0732716244530949,0.9570577500737326,-0.11621387437936226,0.6799974805194866,0.7469073791797628,0.06690989866027619,-0.1545344559619339,-0.07746945019674611,0.0
sent_fluency,sentence,so762,ridge,pros,0.9456307632544364,0.8656987980517489,2500,,,,,,,,,,,,,,,,,,,0.7734161958694458,0.7138627303123474,-0.059553465557098395,1.0672285247896056,1.0268996572512474,-0.04032886753835818,0.6630432905322271,0.7002596729630703,0.03721638243084324,-0.10850423184995764,0.031159710326173654,0.236
sent_fluency,sentence,so762,svr,pros,0.9673181450067582,0.879797441384086,2500,,,,,,,,,,,,,,,,,,,0.7831611233010628,0.7127999400550973,-0.07036118324596552,1.0700558465868129,0.991189834936362,-0.07886601165045082,0.6606163963136988,0.71888616968898,0.058269773375281164,-0.11849015119869596,-0.04057452790947628,0.0
sent_prosodic,sentence,so762,rf,pros,0.9796633889278942,0.847843226832591,2500,,,,,,,,,,,,,,,,,,,0.8226676346653347,0.7176819049515787,-0.10498572971375597,1.1128341198511236,0.9972094950308338,-0.11562462482028979,0.6572399128052201,0.7279782425066711,0.070738329701451,-0.15487799960066076,-0.07504289706068237,0.0
sent_prosodic,sentence,so762,ridge,pros,0.9924681730019204,0.9366785751114484,2500,,,,,,,,,,,,,,,,,,,0.8186554944038391,0.7418388601303101,-0.07681663427352903,1.1122809510451417,1.0599760689864803,-0.05230488205866135,0.6314602939424176,0.6786062953027536,0.047146001360335976,-0.11863543923017421,0.013210177591461522,0.132
sent_prosodic,sentence,so762,svr,pros,0.9749535773637468,0.874541809245104,2500,,,,,,,,,,,,,,,,,,,0.8094744867130776,0.7312659903611495,-0.07820849635192817,1.1052805478055752,1.0245450023988671,-0.08073554540670802,0.6408401793107558,0.7027419435990049,0.06190176428824912,-0.12240933857586284,-0.03996891869357235,0.0
sent_total,sentence,so762,rf,pros,1.155553630355025,1.017753753068514,2500,,,,,,,,,,,,,,,,,,,0.958028828274993,0.8528783637454049,-0.1051504645295881,1.2812302489654475,1.1800527315798628,-0.10117751738558467,0.5726198729573627,0.6510551709128084,0.07843529795544568,-0.1347208122747242,-0.06855066192023801,0.0
sent_total,sentence,so762,ridge,pros,1.209080280765335,1.129871116664011,2500,,,,,,,,,,,,,,,,,,,0.9635679217338562,0.8859852431297303,-0.07758267860412593,1.300984694218754,1.2315025921064775,-0.06948210211227646,0.5435769286478878,0.6082627013462978,0.06468577269841003,-0.11607910834627294,-0.020150098408958903,0.004
sent_total,sentence,so762,svr,pros,1.1785255402613142,1.0762877732844711,2500,,,,,,,,,,,,,,,,,,,0.9334240010074877,0.8727683199659138,-0.06065568104157393,1.2966264511124077,1.2198266365009613,-0.07679981461144636,0.5595957494611185,0.6255348653657763,0.06593911590465784,-0.11144486225026148,-0.04044507903677197,0.0
word_accuracy,word,so762,rf,pros,1.739090018591625,1.7199816302259885,15967,,,,,,,,,,,,,,,,,,,1.0131653120379882,0.9818216584956344,-0.0313436535423538,1.7043838478009847,1.6872262352945824,-0.017157612506402353,0.32049551504353624,0.34254581688828295,0.02205030184474671,-0.0301674115768431,-0.004585935006504719,0.012
word_accuracy,word,so762,ridge,pros,1.796889597187208,1.7530329091780796,15967,,,,,,,,,,,,,,,,,,,1.0504029662456644,1.0155925272312476,-0.03481043901441683,1.7469246718629745,1.7151428164216063,-0.031781855441368245,0.24019452753957934,0.2989537544266518,0.05875922688707244,-0.05274674617577889,-0.01188362294987496,0.0
word_accuracy,word,so762,svr,pros,1.788065468878778,1.7546372114532869,15967,,,,,,,,,,,,,,,,,,,0.7483460040060166,0.7501631081045829,0.00181710409856628,1.7799773415659745,1.7574050440122422,-0.022572297553732357,0.22535172401480708,0.2687052316462754,0.043353507631468335,-0.03372026147704768,-0.009488788381828338,0.0
