cpl_base,canonical_phones,substitution,deletion,addition,substitution_per100,deletion_per100,addition_per100,error_rate_%(S+D),n_errors,is_vowel
AA,1466,261,2,0,17.803547066848566,0.1364256480218281,0.0,17.939972714870397,263,True
AE,3259,413,5,0,12.672598956735195,0.15342129487572875,0.0,12.826020251610924,418,True
AH,10907,956,150,0,8.765013294214725,1.3752635921885028,0.0,10.140276886403226,1106,True
AO,1887,129,1,0,6.836248012718601,0.052994170641229466,0.0,6.889242183359831,130,True
AW,855,110,0,0,12.865497076023392,0.0,0.0,12.865497076023392,110,True
AY,2213,103,3,0,4.654315408947131,0.13556258472661545,0.0,4.789877993673746,106,True
B,2015,114,9,0,5.6575682382134,0.4466501240694789,0.0,6.104218362282879,123,False
CH,842,46,9,0,5.463182897862233,1.0688836104513064,0.0,6.532066508313539,55,False
D,5612,483,706,0,8.60655737704918,12.580185317177477,0.0,21.186742694226655,1189,False
DH,3651,1926,47,0,52.75267050123254,1.2873185428649685,0.0,54.03998904409751,1973,False
EH,3177,328,12,0,10.324205225055083,0.3777148253068933,0.0,10.701920050361977,340,True
ER,3160,887,22,0,28.069620253164558,0.6962025316455697,0.0,28.765822784810126,909,True
EY,2330,349,9,0,14.978540772532188,0.38626609442060084,0.0,15.36480686695279,358,True
F,2593,49,19,0,1.8897030466640956,0.732741997686078,0.0,2.6224450443501737,68,False
G,1156,77,33,0,6.660899653979238,2.8546712802768166,0.0,9.515570934256056,110,False
HH,3400,124,81,0,3.6470588235294117,2.3823529411764706,0.0,6.029411764705882,205,False
IH,7561,1000,66,0,13.22576378785875,0.8729004099986775,0.0,14.098664197857426,1066,True
IY,4953,151,23,0,3.0486573793660408,0.4643650312941652,0.0,3.513022410660206,174,True
JH,727,290,14,0,39.88995873452545,1.9257221458046767,0.0,41.81568088033012,304,False
K,3103,133,88,0,4.286174669674509,2.8359651949726072,0.0,7.1221398646471155,221,False
L,4785,447,298,0,9.341692789968652,6.227795193312435,0.0,15.569487983281087,745,False
M,3532,39,7,0,1.1041902604756513,0.19818799546998866,0.0,1.3023782559456398,46,False
N,7410,343,172,0,4.628879892037787,2.3211875843454792,0.0,6.950067476383266,515,False
NG,1326,87,18,0,6.5610859728506785,1.3574660633484164,0.0,7.918552036199095,105,False
OW,1894,449,1,0,23.706441393875394,0.05279831045406547,0.0,23.759239704329463,450,True
OY,204,8,0,0,3.9215686274509802,0.0,0.0,3.9215686274509802,8,True
P,2345,339,43,0,14.456289978678038,1.8336886993603412,0.0,16.28997867803838,382,False
R,5097,681,534,0,13.360800470865215,10.476751030017658,0.0,23.83755150088287,1215,False
S,4722,146,97,0,3.0919102075391782,2.05421431596781,0.0,5.146124523506988,243,False
SH,1337,68,2,0,5.086013462976814,0.14958863126402394,0.0,5.2356020942408374,70,False
T,7130,494,565,0,6.9284712482468445,7.924263674614306,0.0,14.852734922861151,1059,False
TH,894,372,25,0,41.61073825503356,2.796420581655481,0.0,44.407158836689035,397,False
UH,728,93,2,0,12.774725274725276,0.27472527472527475,0.0,13.04945054945055,95,True
UW,2097,93,5,0,4.434907010014306,0.23843586075345732,0.0,4.673342870767764,98,True
V,2484,529,84,0,21.296296296296298,3.3816425120772946,0.0,24.67793880837359,613,False
W,3233,115,39,0,3.557067738942159,1.2063099288586452,0.0,4.763377667800804,154,False
Y,1002,28,26,0,2.7944111776447107,2.594810379241517,0.0,5.389221556886228,54,False
Z,3926,1781,203,0,45.36423841059602,5.1706571574121245,0.0,50.53489556800815,1984,False
ZH,131,56,0,0,42.74809160305343,0.0,0.0,42.74809160305343,56,False
