speaker,canonical_phones,substitution,deletion,addition,substitution_per100,deletion_per100,addition_per100,error_rate_%(S+D),l1
ABA,4935,402,31,78,8.145896656534955,0.6281661600810537,1.580547112462006,8.774062816616008,Arabic
ASI,4934,761,120,26,15.42359140656668,2.432103769760843,0.526955816781516,17.855695176327522,Hindi
BWC,4947,696,206,44,14.06913280776228,4.164139882757227,0.8894279361229027,18.233272690519506,Mandarin
EBVS,5009,876,194,93,17.48852066280695,3.8730285486124973,1.8566580155719705,21.361549211419444,Spanish
ERMS,5013,855,56,43,17.0556552962298,1.1170955515659287,0.8577697985238381,18.17275084779573,Spanish
HJK,4920,330,4,7,6.7073170731707314,0.08130081300813008,0.14227642276422764,6.788617886178862,Korean
HKK,4919,318,103,44,6.464728603374669,2.0939215287660096,0.89449075015247,8.558650132140679,Korean
HQTV,5038,809,477,72,16.057959507741167,9.468042874156412,1.4291385470424771,25.526002381897577,Vietnamese
LXC,4940,709,216,58,14.352226720647772,4.372469635627531,1.174089068825911,18.724696356275302,Mandarin
MBMPS,5017,530,63,26,10.564082120789317,1.2557305162447678,0.5182379908311741,11.819812637034085,Spanish
NCC,4947,536,55,31,10.834849403678998,1.1117849201536285,0.626642409541136,11.946634323832626,Mandarin
NJS,5011,561,80,38,11.195370185591699,1.5964877270005986,0.7583316703252844,12.791857912592297,Spanish
PNV,5031,631,246,16,12.542238123633473,4.889683959451402,0.3180282250049692,17.431922083084874,Vietnamese
RRBI,4945,451,65,47,9.120323559150657,1.314459049544995,0.9504550050556118,10.434782608695652,Hindi
SKA,4958,571,59,116,11.516740621218233,1.1899959661153692,2.339653085921743,12.706736587333602,Arabic
SVBI,4919,717,89,28,14.576133360439114,1.809310835535678,0.5692213864606628,16.38544419597479,Hindi
THV,5030,926,406,67,18.40954274353877,8.071570576540756,1.3320079522862822,26.481113320079523,Vietnamese
TLV,5037,789,437,43,15.66408576533651,8.67579908675799,0.8536827476672623,24.3398848520945,Vietnamese
TNI,4939,491,68,8,9.941283660660053,1.376796922453938,0.16197610852399272,11.318080583113991,Hindi
TXHC,4944,492,128,73,9.951456310679612,2.588996763754045,1.476537216828479,12.540453074433657,Mandarin
YBAA,4934,331,31,30,6.708552898256992,0.6282934738548844,0.6080259424402108,7.336846372111877,Arabic
YDCK,4929,450,58,24,9.129640900791236,1.176709271657537,0.48691418137553255,10.306350172448772,Korean
YKWK,4918,462,129,30,9.39406262708418,2.623017486783245,0.6100040666937779,12.017080113867426,Korean
ZHAA,4937,404,99,50,8.183107150091148,2.0052663560866923,1.01276078590237,10.188373506177841,Arabic
