,n_classes,n,majority,majority_share,minority,minority_share,imbalance_ratio,norm_entropy
so762 sentence accuracy,9,5000,8,0.3872,1,0.0002,1936.0,0.7559547857608182
so762 sentence fluency,11,5000,8,0.3218,2,0.001,321.8,0.7116738057594698
so762 sentence prosodic,11,5000,8,0.3442,1,0.001,344.2,0.7086605142337585
so762 sentence total,11,5000,8,0.3672,1,0.0006,612.0,0.7044845509437375
so762 sentence completeness,8,5000,10,0.995,5,0.0002,4975.0,0.019135393395061404
so762 word accuracy (0-10),11,31816,10,0.8882009052049283,4,0.00018858436007040483,4709.833333333333,0.20807875452798008
so762 word stress (5/10),2,31816,10,0.990979381443299,5,0.00902061855670103,109.85714285714286,0.07422820121155053
so762 word accuracy <= 6 vs > 6,2,31816,>6,0.9103909982398793,<=6,0.0896090017601207,10.15959312521922,0.4351633676373892
so762 phone expert label (0/1/2),3,472225,2,0.9206119964000212,1,0.021167875483085394,43.490996398559425,0.29428774798350155
so762 phone consensus < 1.0 vs >= 1.0,2,94445,>=1,0.9519085181851872,<1,0.048091481814812855,19.793703214442978,0.2782337153088687
so762 phone consensus < 0.5 vs >= 0.5,2,94445,>=0.5,0.963968447244428,<0.5,0.03603155275557202,26.753452835733178,0.22379129739087172
