phone_base,n,mean_score,share_lt1,share_lt15,is_vowel
ZH,25,1.264,0.28,0.56,False
TH,649,1.6718027734976888,0.10477657935285054,0.17565485362095531,False
Z,2529,1.7284302095689996,0.05021747726374061,0.12020561486753657,False
EY,1605,1.7489096573208722,0.10903426791277258,0.16635514018691588,True
EH,2538,1.7655634357762018,0.08983451536643026,0.1457840819542947,True
UH,1131,1.7816091954022988,0.07515473032714412,0.09814323607427056,True
ER,1327,1.7837226827430295,0.09193669932177845,0.1281085154483798,True
OY,56,1.7857142857142858,0.08928571428571429,0.10714285714285714,True
AW,690,1.801159420289855,0.07391304347826087,0.1144927536231884,True
AO,1497,1.8053440213760854,0.06947227788911156,0.09819639278557114,True
SH,699,1.8111587982832618,0.07010014306151645,0.11874105865522175,False
AH,8830,1.826885617214043,0.06024915062287656,0.10328425821064553,True
OW,1558,1.8274711168164313,0.05969191270860077,0.11424903722721438,True
R,2445,1.828875255623722,0.0670756646216769,0.10306748466257669,False
V,1617,1.8366110080395797,0.03153988868274583,0.07173778602350031,False
UW,2765,1.8420253164556961,0.028933092224231464,0.04484629294755877,True
NG,1099,1.843312101910828,0.06824385805277525,0.08553230209281165,False
DH,3027,1.8477700693756194,0.04030393128510076,0.08655434423521638,False
L,3642,1.8542559033498078,0.05271828665568369,0.08786381109280615,False
D,3672,1.858714596949891,0.05119825708061002,0.07734204793028322,False
IY,3719,1.8591019091153536,0.04356009680021511,0.06587792417316483,True
AA,884,1.8608597285067874,0.05090497737556561,0.08597285067873303,True
CH,346,1.861849710982659,0.05202312138728324,0.0838150289017341,False
JH,368,1.8652173913043477,0.04891304347826087,0.08423913043478261,False
AY,2464,1.868831168831169,0.05519480519480519,0.0762987012987013,True
IH,5907,1.8691383104790926,0.05298798036228204,0.07618080243778567,True
AE,2855,1.8736952714535902,0.043432574430823115,0.076707530647986,True
N,6014,1.8866644496175589,0.04289990023279015,0.06651147322913202,False
M,2979,1.894058408862034,0.038267875125881166,0.059080228264518295,False
T,7977,1.8969788140905104,0.03886172746646609,0.057540428732606244,False
S,4230,1.9084633569739953,0.036170212765957444,0.05106382978723404,False
P,1389,1.9137508999280057,0.027357811375089993,0.05327573794096472,False
K,2809,1.924741901032396,0.029547881808472766,0.04271982912068352,False
W,3148,1.9286531130876745,0.02795425667090216,0.03875476493011436,False
F,1714,1.9367561260210036,0.027421236872812137,0.0338389731621937,False
G,1118,1.94525939177102,0.022361359570661897,0.03041144901610018,False
HH,2174,1.9460901563937443,0.021159153633854646,0.02667893284268629,False
B,1747,1.9571837435603892,0.015455065827132226,0.024041213508872353,False
Y,1202,1.9589018302828618,0.015806988352745424,0.021630615640599003,False
