metric,split,mean,std,min,median,max,skew,share_ge9,share_le4
accuracy,train,7.6184,1.6945589550147875,3.0,8.0,10.0,-1.2857284197573136,0.3256,0.0884
accuracy,test,7.6956,1.5385341968867627,1.0,8.0,10.0,-1.3128429950862728,0.3068,0.0644
fluency,train,7.7284,1.5552494849329332,1.0,8.0,10.0,-1.0609445051905555,0.348,0.0468
fluency,test,7.8396,1.4253015238094393,0.0,8.0,10.0,-1.2414622007166185,0.3472,0.0268
prosodic,train,7.4224,1.5028245515205896,1.0,8.0,10.0,-1.0112502510108252,0.2368,0.0552
prosodic,test,7.5016,1.433464114565516,0.0,8.0,10.0,-1.1693701814612,0.2452,0.0384
total,train,7.1812,1.668736178121895,2.0,8.0,10.0,-1.1275011698220911,0.1864,0.1092
total,test,7.2632,1.549608426187017,0.0,8.0,10.0,-1.317102781895381,0.184,0.0748
completeness,train,9.99376,0.10828551473341405,6.7,10.0,10.0,-21.022090166412067,0.9968,0.0
completeness,test,9.96608,0.5118459026809109,0.0,10.0,10.0,-17.413070906754374,0.9944,0.0024
